{"coverage": 90.99462365591398, "raw_data": {"meta": {"format": 2, "version": "7.5.3", "timestamp": "2024-05-29T04:30:50.396635", "branch_coverage": false, "show_contexts": false}, "files": {"src/goodreads_export/author_file.py": {"executed_lines": [1, 3, 4, 5, 7, 8, 9, 11, 15, 16, 18, 19, 20, 21, 23, 33, 34, 35, 38, 39, 40, 42, 44, 46, 48, 53, 55, 56, 57, 58, 62, 64, 68, 70, 71, 72, 73, 74, 75, 76, 78, 91, 97], "summary": {"covered_lines": 41, "num_statements": 49, "percent_covered": 83.6734693877551, "percent_covered_display": "84", "missing_lines": 8, "excluded_lines": 0}, "missing_lines": [12, 83, 84, 85, 86, 87, 88, 89], "excluded_lines": []}, "src/goodreads_export/authored_file.py": {"executed_lines": [1, 3, 4, 6, 8, 12, 13, 15, 17, 19, 20, 21, 23, 28, 29, 30, 31, 32, 33], "summary": {"covered_lines": 17, "num_statements": 18, "percent_covered": 94.44444444444444, "percent_covered_display": "94", "missing_lines": 1, "excluded_lines": 0}, "missing_lines": [9], "excluded_lines": []}, "src/goodreads_export/book_file.py": {"executed_lines": [1, 3, 4, 5, 7, 8, 9, 10, 13, 14, 16, 17, 18, 19, 20, 21, 22, 23, 25, 39, 40, 41, 42, 43, 44, 45, 46, 47, 49, 51, 53, 55, 61, 63, 64, 65, 68, 69, 73, 74, 75, 79, 82, 85, 90, 97, 98, 99, 102, 105, 107, 113, 114, 115, 116, 117, 118, 120, 126, 139, 140, 142], "summary": {"covered_lines": 60, "num_statements": 60, "percent_covered": 100.0, "percent_covered_display": "100", "missing_lines": 0, "excluded_lines": 0}, "missing_lines": [], "excluded_lines": []}, "src/goodreads_export/clean_file_name.py": {"executed_lines": [1, 3, 5, 23, 27, 28, 29], "summary": {"covered_lines": 6, "num_statements": 6, "percent_covered": 100.0, "percent_covered_display": "100", "missing_lines": 0, "excluded_lines": 0}, "missing_lines": [], "excluded_lines": []}, "src/goodreads_export/data_file.py": {"executed_lines": [1, 3, 4, 5, 7, 9, 13, 14, 17, 18, 20, 21, 23, 24, 26, 35, 36, 37, 38, 40, 44, 48, 49, 54, 55, 58, 60, 61, 63, 65, 66, 68, 70, 72, 74, 78, 79, 84, 85, 86, 88, 89, 91, 92, 93, 95, 97, 98, 100, 101, 103, 104, 106, 108, 110, 117, 118, 119, 120, 121, 122, 128], "summary": {"covered_lines": 59, "num_statements": 66, "percent_covered": 89.39393939393939, "percent_covered_display": "89", "missing_lines": 7, "excluded_lines": 0}, "missing_lines": [10, 42, 46, 76, 123, 126, 127], "excluded_lines": []}, "src/goodreads_export/goodreads_book.py": {"executed_lines": [1, 3, 4, 6, 7, 9, 21, 22, 24, 26, 27, 28, 29, 30, 31, 33, 34, 39, 40, 41, 42, 43, 44, 45, 46, 47, 48, 49, 51, 52, 57, 58, 60, 62, 63, 65, 66, 68, 69, 73], "summary": {"covered_lines": 37, "num_statements": 37, "percent_covered": 100.0, "percent_covered_display": "100", "missing_lines": 0, "excluded_lines": 0}, "missing_lines": [], "excluded_lines": []}, "src/goodreads_export/library.py": {"executed_lines": [1, 3, 4, 5, 7, 8, 9, 10, 11, 12, 13, 14, 16, 22, 25, 26, 28, 30, 43, 44, 45, 47, 48, 49, 50, 51, 52, 53, 54, 55, 57, 68, 73, 74, 78, 81, 82, 83, 85, 87, 88, 89, 91, 92, 93, 94, 98, 99, 100, 101, 102, 103, 106, 110, 112, 113, 114, 115, 116, 119, 120, 121, 122, 124, 129, 131, 132, 134, 136, 149, 150, 151, 153, 160, 161, 166, 167, 168, 170, 176, 177, 178, 179, 180, 183, 184, 186, 188, 189, 190, 192, 194, 195, 197, 199, 200, 201, 203, 205, 206, 207, 209, 215, 216, 217, 218, 219, 220, 229, 234, 235, 237, 246, 247, 248, 249, 255, 256, 261, 262, 263, 264, 266, 268, 273, 274, 275, 282, 283, 286, 287, 290, 293, 295, 297, 298, 299, 300, 301, 302, 303, 304, 305, 315, 316], "summary": {"covered_lines": 143, "num_statements": 151, "percent_covered": 94.70198675496688, "percent_covered_display": "95", "missing_lines": 8, "excluded_lines": 0}, "missing_lines": [226, 227, 228, 230, 233, 257, 265, 292], "excluded_lines": []}, "src/goodreads_export/log.py": {"executed_lines": [1, 3, 4, 5, 7, 10, 11, 17, 18, 20, 22, 24, 25, 27, 28, 29, 30, 32, 34, 36, 44, 45, 57, 58, 59, 61, 66, 67, 71, 73, 75, 76, 78, 80, 81, 82, 83, 84, 85, 87, 94, 99, 100, 102, 104, 106, 108], "summary": {"covered_lines": 45, "num_statements": 49, "percent_covered": 91.83673469387755, "percent_covered_display": "92", "missing_lines": 4, "excluded_lines": 0}, "missing_lines": [89, 90, 91, 92], "excluded_lines": []}, "src/goodreads_export/main.py": {"executed_lines": [1, 3, 4, 5, 6, 7, 9, 11, 12, 13, 14, 19, 21, 22, 24, 34, 46, 56, 63, 71, 73, 74, 75, 78, 80, 81, 82, 87, 90, 106, 107, 108, 109, 110, 111, 115, 116, 124, 125, 126, 127, 131, 132, 133, 134, 142, 143, 144, 145, 153, 154, 163, 164, 165, 166, 167, 168, 177, 191, 192, 194, 197, 198, 199, 200, 201, 202, 203, 204, 209, 210, 215, 216, 217, 220, 221, 222, 223, 224, 225, 237, 238, 239, 240, 243, 244, 245, 252, 253, 254, 255, 256, 257, 269, 270, 271, 276, 284, 285, 286, 287, 288, 289, 301, 302, 306, 307, 308, 309, 314, 315, 317, 318, 319, 320, 323, 329], "summary": {"covered_lines": 116, "num_statements": 142, "percent_covered": 81.69014084507042, "percent_covered_display": "82", "missing_lines": 26, "excluded_lines": 0}, "missing_lines": [119, 123, 128, 137, 138, 139, 155, 156, 157, 158, 159, 160, 246, 247, 248, 249, 279, 280, 281, 303, 310, 316, 324, 325, 326, 330], "excluded_lines": []}, "src/goodreads_export/series_file.py": {"executed_lines": [1, 3, 4, 5, 7, 8, 9, 12, 13, 15, 17, 19, 20, 21, 23, 25, 27, 29, 35, 37, 38, 39, 40, 44, 45, 51, 53, 58, 64, 73, 74, 75, 76, 85, 88, 89], "summary": {"covered_lines": 33, "num_statements": 37, "percent_covered": 89.1891891891892, "percent_covered_display": "89", "missing_lines": 4, "excluded_lines": 0}, "missing_lines": [47, 77, 80, 83], "excluded_lines": []}, "src/goodreads_export/stat.py": {"executed_lines": [1, 3, 6, 7, 9, 10, 11, 12, 13, 14, 16, 18, 19, 20, 21], "summary": {"covered_lines": 13, "num_statements": 13, "percent_covered": 100.0, "percent_covered_display": "100", "missing_lines": 0, "excluded_lines": 0}, "missing_lines": [], "excluded_lines": []}, "src/goodreads_export/templates.py": {"executed_lines": [1, 3, 4, 5, 6, 7, 8, 10, 11, 13, 15, 16, 20, 21, 22, 23, 24, 25, 28, 29, 30, 35, 36, 38, 40, 43, 44, 45, 47, 50, 51, 52, 54, 57, 58, 59, 61, 62, 63, 66, 67, 68, 74, 75, 76, 78, 79, 82, 85, 86, 88, 90, 91, 92, 93, 94, 95, 98, 99, 100, 110, 112, 113, 114, 116, 118, 120, 123, 127, 128, 129, 130, 132, 134, 140, 145, 146, 151, 153, 156, 157, 158, 160, 163, 164, 165, 167, 168, 171, 172, 173, 175, 176, 179, 180, 181, 183, 184, 185, 186, 189, 190, 192, 197, 200, 202, 208, 209, 211, 212, 214, 215, 216, 217, 223, 225, 227, 232, 236, 239], "summary": {"covered_lines": 106, "num_statements": 115, "percent_covered": 92.17391304347827, "percent_covered_display": "92", "missing_lines": 9, "excluded_lines": 0}, "missing_lines": [17, 18, 124, 125, 147, 198, 218, 226, 233], "excluded_lines": []}, "src/goodreads_export/version.py": {"executed_lines": [1], "summary": {"covered_lines": 1, "num_statements": 1, "percent_covered": 100.0, "percent_covered_display": "100", "missing_lines": 0, "excluded_lines": 0}, "missing_lines": [], "excluded_lines": []}}, "totals": {"covered_lines": 677, "num_statements": 744, "percent_covered": 90.99462365591398, "percent_covered_display": "91", "missing_lines": 67, "excluded_lines": 0}}, "coverage_path": "."}