{"coverage": 91.03078982597054, "raw_data": {"meta": {"version": "7.4.0", "timestamp": "2024-01-25T05:21:23.498036", "branch_coverage": false, "show_contexts": false}, "files": {"src/goodreads_export/author_file.py": {"executed_lines": [1, 2, 3, 4, 6, 7, 8, 10, 14, 15, 17, 18, 19, 20, 22, 32, 33, 34, 35, 36, 37, 39, 41, 43, 45, 50, 52, 53, 54, 55, 58, 60, 64, 66, 67, 68, 69, 70, 71, 72, 74, 87, 93], "summary": {"covered_lines": 41, "num_statements": 49, "percent_covered": 83.6734693877551, "percent_covered_display": "84", "missing_lines": 8, "excluded_lines": 0}, "missing_lines": [11, 79, 80, 81, 82, 83, 84, 85], "excluded_lines": []}, "src/goodreads_export/authored_file.py": {"executed_lines": [1, 2, 3, 5, 7, 11, 12, 14, 16, 18, 19, 20, 22, 27, 28, 29, 30, 31, 32], "summary": {"covered_lines": 17, "num_statements": 18, "percent_covered": 94.44444444444444, "percent_covered_display": "94", "missing_lines": 1, "excluded_lines": 0}, "missing_lines": [8], "excluded_lines": []}, "src/goodreads_export/book_file.py": {"executed_lines": [1, 2, 3, 4, 6, 7, 8, 9, 12, 13, 15, 16, 17, 18, 19, 20, 21, 22, 24, 38, 39, 40, 41, 42, 43, 44, 45, 46, 48, 50, 52, 54, 60, 62, 63, 64, 65, 66, 70, 71, 72, 74, 77, 78, 83, 90, 91, 92, 93, 96, 98, 104, 105, 106, 107, 108, 109, 111, 117, 130, 131, 133], "summary": {"covered_lines": 60, "num_statements": 60, "percent_covered": 100.0, "percent_covered_display": "100", "missing_lines": 0, "excluded_lines": 0}, "missing_lines": [], "excluded_lines": []}, "src/goodreads_export/clean_file_name.py": {"executed_lines": [1, 2, 4, 22, 24, 25, 26], "summary": {"covered_lines": 6, "num_statements": 6, "percent_covered": 100.0, "percent_covered_display": "100", "missing_lines": 0, "excluded_lines": 0}, "missing_lines": [], "excluded_lines": []}, "src/goodreads_export/data_file.py": {"executed_lines": [1, 2, 3, 4, 6, 8, 12, 13, 16, 17, 19, 20, 22, 23, 25, 34, 35, 36, 37, 39, 43, 47, 48, 53, 54, 55, 57, 58, 60, 62, 63, 65, 67, 69, 71, 75, 76, 81, 82, 83, 85, 86, 88, 89, 90, 92, 94, 95, 97, 98, 100, 101, 103, 105, 107, 112, 113, 114, 115, 116, 117, 121], "summary": {"covered_lines": 59, "num_statements": 66, "percent_covered": 89.39393939393939, "percent_covered_display": "89", "missing_lines": 7, "excluded_lines": 0}, "missing_lines": [9, 41, 45, 73, 118, 119, 120], "excluded_lines": []}, "src/goodreads_export/goodreads_book.py": {"executed_lines": [1, 2, 3, 5, 6, 8, 20, 21, 23, 25, 26, 27, 28, 29, 30, 32, 33, 38, 39, 40, 41, 42, 43, 44, 45, 46, 47, 48, 50, 51, 54, 55, 57, 59, 60, 62, 63, 65, 66, 70], "summary": {"covered_lines": 37, "num_statements": 37, "percent_covered": 100.0, "percent_covered_display": "100", "missing_lines": 0, "excluded_lines": 0}, "missing_lines": [], "excluded_lines": []}, "src/goodreads_export/library.py": {"executed_lines": [1, 2, 3, 4, 6, 7, 8, 9, 10, 11, 12, 13, 15, 21, 24, 25, 27, 29, 42, 43, 44, 46, 47, 48, 49, 50, 51, 52, 53, 54, 56, 67, 72, 73, 77, 80, 81, 82, 84, 86, 87, 88, 90, 91, 92, 93, 95, 96, 97, 98, 99, 100, 103, 106, 108, 109, 110, 111, 112, 115, 116, 117, 118, 120, 125, 127, 128, 130, 132, 145, 146, 147, 149, 156, 157, 162, 163, 164, 166, 172, 173, 174, 175, 176, 179, 180, 182, 184, 185, 186, 188, 190, 191, 193, 195, 196, 197, 199, 201, 202, 203, 205, 211, 212, 213, 214, 215, 216, 225, 228, 229, 231, 238, 239, 240, 241, 247, 248, 253, 254, 255, 256, 258, 260, 265, 266, 267, 274, 275, 276, 277, 281, 283, 285, 286, 287, 288, 289, 290, 291, 292, 293, 303, 304], "summary": {"covered_lines": 142, "num_statements": 151, "percent_covered": 94.03973509933775, "percent_covered_display": "94", "missing_lines": 9, "excluded_lines": 0}, "missing_lines": [222, 223, 224, 226, 227, 249, 257, 278, 280], "excluded_lines": []}, "src/goodreads_export/log.py": {"executed_lines": [1, 2, 3, 4, 6, 9, 10, 16, 17, 19, 21, 23, 24, 26, 27, 28, 29, 31, 33, 35, 39, 40, 46, 47, 48, 50, 55, 56, 60, 62, 64, 65, 67, 69, 70, 71, 72, 73, 74, 76, 83, 88, 89, 91, 93, 95, 97], "summary": {"covered_lines": 45, "num_statements": 49, "percent_covered": 91.83673469387755, "percent_covered_display": "92", "missing_lines": 4, "excluded_lines": 0}, "missing_lines": [78, 79, 80, 81], "excluded_lines": []}, "src/goodreads_export/main.py": {"executed_lines": [1, 2, 3, 4, 5, 6, 8, 10, 11, 12, 13, 14, 16, 17, 19, 29, 41, 51, 58, 66, 68, 69, 70, 73, 75, 76, 77, 82, 85, 101, 102, 103, 104, 105, 106, 107, 108, 114, 115, 116, 117, 121, 122, 123, 124, 132, 133, 134, 142, 150, 151, 152, 153, 154, 158, 163, 164, 165, 166, 167, 168, 177, 191, 192, 194, 197, 198, 199, 200, 201, 202, 203, 204, 209, 210, 215, 216, 217, 220, 221, 222, 223, 224, 225, 237, 238, 239, 240, 243, 244, 245, 252, 253, 254, 255, 256, 257, 269, 270, 271, 276, 284, 285, 286, 287, 288, 289, 301, 302, 304, 305, 306, 307, 312, 313, 315, 316, 317, 318, 319, 325], "summary": {"covered_lines": 120, "num_statements": 145, "percent_covered": 82.75862068965517, "percent_covered_display": "83", "missing_lines": 25, "excluded_lines": 0}, "missing_lines": [109, 113, 118, 127, 128, 129, 155, 156, 157, 159, 160, 246, 247, 248, 249, 279, 280, 281, 303, 308, 314, 320, 321, 322, 326], "excluded_lines": []}, "src/goodreads_export/series_file.py": {"executed_lines": [1, 2, 3, 4, 6, 7, 8, 11, 12, 14, 16, 18, 19, 20, 22, 24, 26, 28, 34, 36, 37, 38, 39, 43, 44, 50, 52, 54, 60, 69, 70, 71, 72, 77, 80, 81], "summary": {"covered_lines": 33, "num_statements": 37, "percent_covered": 89.1891891891892, "percent_covered_display": "89", "missing_lines": 4, "excluded_lines": 0}, "missing_lines": [46, 73, 74, 75], "excluded_lines": []}, "src/goodreads_export/stat.py": {"executed_lines": [1, 2, 5, 6, 8, 9, 10, 11, 12, 13, 15, 17, 18, 19, 20], "summary": {"covered_lines": 13, "num_statements": 13, "percent_covered": 100.0, "percent_covered_display": "100", "missing_lines": 0, "excluded_lines": 0}, "missing_lines": [], "excluded_lines": []}, "src/goodreads_export/templates.py": {"executed_lines": [1, 2, 3, 4, 5, 6, 7, 9, 10, 12, 14, 15, 19, 20, 21, 22, 23, 24, 27, 28, 29, 34, 35, 37, 39, 42, 43, 44, 46, 49, 50, 51, 53, 56, 57, 58, 60, 61, 62, 65, 66, 67, 73, 74, 75, 77, 78, 81, 84, 85, 87, 89, 90, 91, 92, 93, 94, 97, 98, 99, 109, 111, 112, 113, 115, 117, 119, 120, 124, 125, 126, 127, 129, 131, 135, 140, 141, 144, 146, 149, 150, 151, 153, 156, 157, 158, 160, 161, 164, 165, 166, 168, 169, 172, 173, 174, 176, 177, 178, 179, 182, 183, 185, 190, 193, 195, 201, 202, 204, 205, 207, 208, 209, 210, 216, 218, 220, 225, 227, 228], "summary": {"covered_lines": 106, "num_statements": 115, "percent_covered": 92.17391304347827, "percent_covered_display": "92", "missing_lines": 9, "excluded_lines": 0}, "missing_lines": [16, 17, 121, 122, 142, 191, 211, 219, 226], "excluded_lines": []}, "src/goodreads_export/version.py": {"executed_lines": [1], "summary": {"covered_lines": 1, "num_statements": 1, "percent_covered": 100.0, "percent_covered_display": "100", "missing_lines": 0, "excluded_lines": 0}, "missing_lines": [], "excluded_lines": []}}, "totals": {"covered_lines": 680, "num_statements": 747, "percent_covered": 91.03078982597054, "percent_covered_display": "91", "missing_lines": 67, "excluded_lines": 0}}, "coverage_path": "."}